{"cameraMode":{"drawMode":0,"name":"Shaded","section":"Shading Mode"},"sceneLighting":true,"audioPlay":false,"sceneViewState":{"showFog":false,"showMaterialUpdate":false,"showSkybox":false,"showFlares":false,"showImageEffects":false,"showParticleSystems":false},"in2DMode":false,"pivot":{"x":-1.8688769340515137,"y":1.103837013244629,"z":-1.981324315071106},"rotation":{"x":-0.02872268110513687,"y":-0.07579896599054337,"z":0.002185102319344878,"w":-0.996710479259491},"size":1.3776087760925294,"orthographic":false}